stage,family,label,run_name,source_dir,note,val_rmse,val_mae,val_r2,routine_test_rmse,routine_test_mae,routine_test_r2,ood_test_rmse,ood_test_mae,ood_test_r2,smoothness,roll_consistency_rmse,first_step_jump_rmse,max_abs_second_diff_p95
result_1,baseline,LSTM,lstm_seq128_pred10,/gemini/code/thesis-work/results/result_1/outputs/lstm_seq128_pred10,,0.0360213865013,0.0169050639638,0.999768695006,0.0367836663211,0.0164433714489,0.999766360645,0.206997713236,0.0973722041292,0.996411779283,,,,
result_1,baseline,GRU,gru_seq128_pred10,/gemini/code/thesis-work/results/result_1/outputs/gru_seq128_pred10,,0.0324046500185,0.015259971136,0.999812811644,0.032244405137,0.0148771845991,0.999820466826,0.188520841637,0.0889011366658,0.997023767918,,,,
result_1,baseline,Transformer,transformer_seq128_pred10,/gemini/code/thesis-work/results/result_1/outputs/transformer_seq128_pred10,,0.0298429366642,0.0143297079478,0.99984123774,0.030850899385,0.0145332412116,0.999835649273,0.185286667868,0.0887092171928,0.997125009617,,,,
result_1,baseline,Lite-xLSTM,lite_xlstm_seq128_pred10,/gemini/code/thesis-work/results/result_1/outputs/lite_xlstm_seq128_pred10,,0.0313971644302,0.014760986757,0.999824270362,0.0309943304035,0.0139291455429,0.999834117532,0.203532738768,0.0947156265239,0.996530901692,,,,
result_1,baseline,CCG-xLSTM Baseline,ccg_xlstm_seq128_pred10,/gemini/code/thesis-work/results/result_1/outputs/ccg_xlstm_seq128_pred10,实验一中的最佳主干,0.0302988601286,0.0144320848323,0.999836349725,0.0309642476836,0.0141893559511,0.999834439383,0.182219022307,0.0863541164377,0.997219419465,,,,
result_1,vmd,VMD-CCG-xLSTM (early),vmd_ccg_xlstm_seq128_pred10,/gemini/code/thesis-work/results/result_1/outputs/vmd_ccg_xlstm_seq128_pred10,早期 VMD 原型，结果劣于 baseline,0.047380978979,0.0231613590754,0.999599804483,0.0481706561868,0.0231105791035,0.999599316835,0.234516471603,0.108001268484,0.995394309431,,,,
result_1,joint,VMD-CCG-Phys-xLSTM (early),vmd_ccg_phys_xlstm_seq128_pred10,/gemini/code/thesis-work/results/result_1/outputs/vmd_ccg_phys_xlstm_seq128_pred10,早期 VMD+Phys 原型，结果劣于 baseline,0.0460013274524,0.0227523195535,0.99962277116,0.0467267062128,0.0227206009751,0.999622978334,0.23550511407,0.108479208501,0.995355395498,0.00197091337211,0.00483421005733,,
result_2_followup,baseline,Persistence,persistence_seq128_pred10,/gemini/code/thesis-work/results/result_2_followup/results/result_2_followup/outputs/persistence_seq128_pred10,,0.0544940707993,0.0182970458769,0.999470625932,0.053197713538,0.0176638227564,0.999511322995,0.256498884197,0.12415297112,0.994490413392,,,,
result_2_followup,vmd,VMD-CCG-xLSTM Follow-up,vmd_ccg_xlstm_seq128_pred10,/gemini/code/thesis-work/results/result_2_followup/results/result_2_followup/outputs/vmd_ccg_xlstm_seq128_pred10,VMD 缓存流程打通后的补跑结果,0.040403148238,0.0170687911752,0.999708998938,0.0401853869144,0.0165107521934,0.999721148953,0.195872376162,0.093900476245,0.996787120499,,,,
result_2_followup,joint,VMD-CCG-Phys-xLSTM Follow-up,vmd_ccg_phys_xlstm_seq128_pred10,/gemini/code/thesis-work/results/result_2_followup/results/result_2_followup/outputs/vmd_ccg_phys_xlstm_seq128_pred10,与 result_1 相比，VMD 流程更稳定但仍非最终结论,0.0404011993221,0.0170770562453,0.999709027012,0.0402161189616,0.0165327115831,0.999720722284,0.195850628876,0.0938878715056,0.996787833897,9.74098676625e-06,0.00227037955003,,
result3,baseline,CCG Baseline,e3_ccg_xlstm_base,/gemini/code/thesis-work/results/result3/outputs/e3_ccg_xlstm_base,,0.0302988601286,0.0144320848323,0.999836349725,0.0309642476836,0.0141893559511,0.999834439383,0.182219022307,0.0863541164377,0.997219419465,,,,
result3,phys,CCG-Phys (best OOD),e3_ccg_phys_s001_r005,/gemini/code/thesis-work/results/result3/outputs/e3_ccg_phys_s001_r005,Phys 在 result3 中的最佳 OOD 候选,0.0310139462821,0.014151252854,0.99982853392,0.0308820907652,0.0135323970136,0.999835316776,0.180006452466,0.0855283319597,0.997286535151,8.95328070438e-06,0.00178362801442,,
result3,vmd,VMD-CCG (best OOD),e3_vmd_ccg_l005_lr5e4,/gemini/code/thesis-work/results/result3/outputs/e3_vmd_ccg_l005_lr5e4,,0.0278714908192,0.0129956771158,0.999861520796,0.0275186659753,0.0123514255985,0.999869235239,0.181179758648,0.0856591655247,0.997251046412,,,,
result3,vmd,VMD-CCG (no state mixer),e3_vmd_ccg_l005_nomixer,/gemini/code/thesis-work/results/result3/outputs/e3_vmd_ccg_l005_nomixer,结构消融证据,0.0259147935766,0.0119477021745,0.999880281941,0.0260066378432,0.0118531677647,0.999883210341,0.182272207817,0.0859812514921,0.997217796055,,,,
result4_main,baseline,CCG Baseline,e4_ccg_xlstm_base,/gemini/code/thesis-work/results/result4/outputs/e4_ccg_xlstm_base,,0.03041699013,0.0140982350639,0.999835071149,0.0313183577945,0.0138189963039,0.999830630996,0.185609960396,0.0879131555321,0.997114968163,,,,
result4_main,phys,"CCG-Phys (s=0.001, r=0.005)",e4_ccg_phys_s0010_r0050,/gemini/code/thesis-work/results/result4/outputs/e4_ccg_phys_s0010_r0050,,0.0302092204331,0.0138517393103,0.999837316617,0.0307074877685,0.0136283701732,0.999837173703,0.185139247634,0.0877353252499,0.997129582673,7.00934335745e-06,0.00186065378275,,
result4_main,vmd,"VMD-CCG (l=0.05, lr=3e-4, no mixer)",e4_vmd_ccg_l005_lr3e4_nomix,/gemini/code/thesis-work/results/result4/outputs/e4_vmd_ccg_l005_lr3e4_nomix,,0.0253121678406,0.0116087840044,0.999885785079,0.0249745087907,0.011176944653,0.999892296484,0.180483312263,0.0846040666356,0.997272139487,,,,
result4_main,joint,"Joint (l=0.05, lr=5e-4, s=0.001, r=0.005)",e4_joint_l005_lr5e4_nomix_s0010_r0050,/gemini/code/thesis-work/results/result4/outputs/e4_joint_l005_lr5e4_nomix_s0010_r0050,,0.0254859526444,0.011628964101,0.999884211373,0.0250207824259,0.0113494529684,0.999891897001,0.181138353315,0.0848625142901,0.997252302715,7.3651029135e-06,0.00137318339658,,
result4_next_round,baseline,CCG Baseline,e4_ccg_xlstm_base,/gemini/code/thesis-work/results/result4_next_round/outputs/e4_ccg_xlstm_base,,0.0299706804903,0.0140129684572,0.999839875655,0.0302705712407,0.0134681447961,0.999841774235,0.184785261639,0.0875109294109,0.997140548648,0.000728578399415,0.00277334551225,0.173666691819,0.0625
result4_next_round,phys,"CCG-Phys (p/phi smooth, r=0.0075)",e4_ccg_phys_s0010_r0075_prphi,/gemini/code/thesis-work/results/result4_next_round/outputs/e4_ccg_phys_s0010_r0075_prphi,Phys 转向轨迹平滑/物理一致性后的代表方案,0.0302603563729,0.0139575156373,0.999836765394,0.0306995515378,0.0135648646425,0.999837257856,0.183961000542,0.0874113377733,0.997166001736,1.00135708518e-05,0.00176111622102,0.00748704369507,0.00655364990234
result4_next_round,vmd,"VMD-CCG (l=0.03, lr=5e-4, no mixer)",e4_vmd_ccg_l003_lr5e4_nomix,/gemini/code/thesis-work/results/result4_next_round/outputs/e4_vmd_ccg_l003_lr5e4_nomix,,0.0246419771742,0.0112808997538,0.999891753151,0.024132749285,0.0109700280167,0.999899434371,0.181453369541,0.0852686697376,0.997242737409,0.0010155898761,0.00257948323972,0.131587333494,0.065299987793
result4_next_round,joint,"Joint (l=0.05, lr=3e-4, r=0.005)",e4_joint_l005_lr3e4_nomix_r0050,/gemini/code/thesis-work/results/result4_next_round/outputs/e4_joint_l005_lr3e4_nomix_r0050,,0.0247420643662,0.0111439189887,0.999890872043,0.0247316992744,0.0108659272042,0.999894380554,0.180340604198,0.0844851237926,0.997276451618,8.44086595311e-06,0.00124587504036,0.00507675564126,0.00640868601622
result4_next_round,joint,"Joint (l=0.05, lr=3e-4, s=0.001, r=0.005)",e4_joint_l005_lr3e4_nomix_s0010_r0050,/gemini/code/thesis-work/results/result4_next_round/outputs/e4_joint_l005_lr3e4_nomix_s0010_r0050,性能与物理叙事较完整的联合候选,0.0247887501714,0.0113490370073,0.999890459828,0.0247270076218,0.0110528298902,0.999894420623,0.180369327406,0.0845812664764,0.997275583979,8.38879880129e-06,0.00123582739188,0.00507345374116,0.00638800599845
result4_next_round,joint,"Joint (l=0.05, lr=5e-4, s=0.001, r=0.005)",e4_joint_l005_lr5e4_nomix_s0010_r0050,/gemini/code/thesis-work/results/result4_next_round/outputs/e4_joint_l005_lr5e4_nomix_s0010_r0050,用于说明联合增益不只是 lr=3e-4 伪象,0.0251678788198,0.0114369187297,0.999887083505,0.0249240789748,0.0112883670726,0.999892731006,0.181133618676,0.0848715936128,0.997252446353,7.35996791594e-06,0.00136698115882,0.00501102496514,0.00596969360486
