base_name,label,family,seed,run_name,val_rmse,routine_test_rmse,ood_test_rmse,smoothness,roll_consistency_rmse,first_step_jump_rmse,max_abs_second_diff_p95
e4_ccg_xlstm_base,CCG Baseline,baseline,10007,e4_ccg_xlstm_base_seed10007,0.0310006942868,0.0304004000241,0.182430436398,0.000639754822423,0.00253037314224,0.17731890783,0.0625
e4_ccg_xlstm_base,CCG Baseline,baseline,2026,e4_ccg_xlstm_base_seed2026,0.0307416582076,0.0318271219201,0.201111257346,0.000506716377127,0.00280010679697,0.197596535808,0.0625
e4_ccg_xlstm_base,CCG Baseline,baseline,3407,e4_ccg_xlstm_base_seed3407,0.0304877810315,0.0314023528684,0.193277611767,0.000540537644237,0.00274623428414,0.182512089999,0.0625
e4_ccg_xlstm_base,CCG Baseline,baseline,42,e4_ccg_xlstm_base_seed42,0.0299706804903,0.0302705712407,0.184785261639,0.000728578399415,0.00277334551225,0.173666691819,0.0625
e4_ccg_xlstm_base,CCG Baseline,baseline,7,e4_ccg_xlstm_base_seed7,0.0295620026127,0.0296613799812,0.193506485406,0.000463212922288,0.00273476301351,0.191316721608,0.0625
e4_ccg_phys_s0010_r0075_prphi,"CCG-Phys (p/phi smooth, r=0.0075)",phys,10007,e4_ccg_phys_s0010_r0075_prphi_seed10007,0.0308785106196,0.031206127383,0.18261144887,9.19577984457e-06,0.00157832763811,0.00686713817888,0.00634765625
e4_ccg_phys_s0010_r0075_prphi,"CCG-Phys (p/phi smooth, r=0.0075)",phys,2026,e4_ccg_phys_s0010_r0075_prphi_seed2026,0.0297576437253,0.0302874280475,0.196304957176,1.08042004422e-05,0.00188816490249,0.00773573461599,0.0068359375
e4_ccg_phys_s0010_r0075_prphi,"CCG-Phys (p/phi smooth, r=0.0075)",phys,3407,e4_ccg_phys_s0010_r0075_prphi_seed3407,0.0303018699057,0.0309510408399,0.18727994304,1.03060269439e-05,0.0017011589753,0.00707597352687,0.00672149658203
e4_ccg_phys_s0010_r0075_prphi,"CCG-Phys (p/phi smooth, r=0.0075)",phys,42,e4_ccg_phys_s0010_r0075_prphi_seed42,0.0302603563729,0.0306995515378,0.183961000542,1.00135708518e-05,0.00176111622102,0.00748704369507,0.00655364990234
e4_ccg_phys_s0010_r0075_prphi,"CCG-Phys (p/phi smooth, r=0.0075)",phys,7,e4_ccg_phys_s0010_r0075_prphi_seed7,0.0293571807145,0.0296047800347,0.194408465144,1.02944099435e-05,0.00184409671115,0.00758933756371,0.00665283203125
e4_vmd_ccg_l003_lr5e4_nomix,"VMD-CCG (l=0.03, lr=5e-4, no mixer)",vmd,10007,e4_vmd_ccg_l003_lr5e4_nomix_seed10007,0.0239568336031,0.0245310593537,0.181246458023,0.000790622227468,0.00265995770881,0.127249199233,0.0652990341187
e4_vmd_ccg_l003_lr5e4_nomix,"VMD-CCG (l=0.03, lr=5e-4, no mixer)",vmd,2026,e4_vmd_ccg_l003_lr5e4_nomix_seed2026,0.0252138005983,0.0254920044099,0.182115046866,0.000942509202409,0.0024142514327,0.123892736754,0.0652990341187
e4_vmd_ccg_l003_lr5e4_nomix,"VMD-CCG (l=0.03, lr=5e-4, no mixer)",vmd,3407,e4_vmd_ccg_l003_lr5e4_nomix_seed3407,0.0228803324856,0.0235229404871,0.182139668872,0.00109332545514,0.00253228601645,0.126200355777,0.0653009414673
e4_vmd_ccg_l003_lr5e4_nomix,"VMD-CCG (l=0.03, lr=5e-4, no mixer)",vmd,42,e4_vmd_ccg_l003_lr5e4_nomix_seed42,0.0246419771742,0.024132749285,0.181453369541,0.0010155898761,0.00257948323972,0.131587333494,0.065299987793
e4_vmd_ccg_l003_lr5e4_nomix,"VMD-CCG (l=0.03, lr=5e-4, no mixer)",vmd,7,e4_vmd_ccg_l003_lr5e4_nomix_seed7,0.0249781616747,0.0250082820626,0.179501476719,0.000822083767272,0.00242013070117,0.125811108516,0.0652980804443
e4_vmd_ccg_l005_lr5e4_nomix,"VMD-CCG (l=0.05, lr=5e-4, no mixer)",vmd,10007,e4_vmd_ccg_l005_lr5e4_nomix_seed10007,0.0251789139712,0.0257419794478,0.181041484329,0.000844207696353,0.00262001864624,0.129166674957,0.065299987793
e4_vmd_ccg_l005_lr5e4_nomix,"VMD-CCG (l=0.05, lr=5e-4, no mixer)",vmd,2026,e4_vmd_ccg_l005_lr5e4_nomix_seed2026,0.0261734941377,0.0270599381499,0.184633077088,0.00121262157539,0.00252074928852,0.122408754136,0.0663833618164
e4_vmd_ccg_l005_lr5e4_nomix,"VMD-CCG (l=0.05, lr=5e-4, no mixer)",vmd,3407,e4_vmd_ccg_l005_lr5e4_nomix_seed3407,0.0236784295804,0.0244762515545,0.181419387044,0.000764533298155,0.0024222221929,0.126554646143,0.0652990341187
e4_vmd_ccg_l005_lr5e4_nomix,"VMD-CCG (l=0.05, lr=5e-4, no mixer)",vmd,42,e4_vmd_ccg_l005_lr5e4_nomix_seed42,0.0251828947212,0.0247584819664,0.181379266544,0.000622726104014,0.00240648031728,0.125330789798,0.0522403717041
e4_vmd_ccg_l005_lr5e4_nomix,"VMD-CCG (l=0.05, lr=5e-4, no mixer)",vmd,7,e4_vmd_ccg_l005_lr5e4_nomix_seed7,0.0249971466826,0.0248722387085,0.180731100335,0.000849030895229,0.00236074736844,0.124163904346,0.0652990341187
e4_joint_l005_lr3e4_nomix_r0050,"Joint (l=0.05, lr=3e-4, r=0.005)",joint,10007,e4_joint_l005_lr3e4_nomix_r0050_seed10007,0.0240993584669,0.0244373294062,0.180774061341,8.59790953546e-06,0.00140259514204,0.00498865307002,0.00641240690893
e4_joint_l005_lr3e4_nomix_r0050,"Joint (l=0.05, lr=3e-4, r=0.005)",joint,2026,e4_joint_l005_lr3e4_nomix_r0050_seed2026,0.0249577054171,0.0253036152015,0.181586281142,8.62441121633e-06,0.00137801137463,0.00494325788707,0.00644086301327
e4_joint_l005_lr3e4_nomix_r0050,"Joint (l=0.05, lr=3e-4, r=0.005)",joint,3407,e4_joint_l005_lr3e4_nomix_r0050_seed3407,0.0229365123643,0.0232897728606,0.180599351331,7.6255361946e-06,0.0012871326692,0.00483058770471,0.00604070785921
e4_joint_l005_lr3e4_nomix_r0050,"Joint (l=0.05, lr=3e-4, r=0.005)",joint,42,e4_joint_l005_lr3e4_nomix_r0050_seed42,0.0247420643662,0.0247316992744,0.180340604198,8.44086595311e-06,0.00124587504036,0.00507675564126,0.00640868601622
e4_joint_l005_lr3e4_nomix_r0050,"Joint (l=0.05, lr=3e-4, r=0.005)",joint,7,e4_joint_l005_lr3e4_nomix_r0050_seed7,0.0237455656637,0.0235700938921,0.17989938437,9.45810917714e-06,0.00134128993788,0.0050572741259,0.00674913123366
e4_joint_l005_lr3e4_nomix_s0010_r0050,"Joint (l=0.05, lr=3e-4, s=0.001, r=0.005)",joint,10007,e4_joint_l005_lr3e4_nomix_s0010_r0050_seed10007,0.0237654218781,0.0241286881952,0.180608667939,8.53477252329e-06,0.00139863403533,0.00498586565905,0.0063859783113
e4_joint_l005_lr3e4_nomix_s0010_r0050,"Joint (l=0.05, lr=3e-4, s=0.001, r=0.005)",joint,2026,e4_joint_l005_lr3e4_nomix_s0010_r0050_seed2026,0.0241642141101,0.0243259900543,0.181190343372,7.80232978971e-06,0.00122524201975,0.00501245527145,0.00607491284609
e4_joint_l005_lr3e4_nomix_s0010_r0050,"Joint (l=0.05, lr=3e-4, s=0.001, r=0.005)",joint,3407,e4_joint_l005_lr3e4_nomix_s0010_r0050_seed3407,0.0233671699312,0.0239883606492,0.181472833822,8.69548848959e-06,0.00146805774047,0.00489900757948,0.00642714456189
e4_joint_l005_lr3e4_nomix_s0010_r0050,"Joint (l=0.05, lr=3e-4, s=0.001, r=0.005)",joint,42,e4_joint_l005_lr3e4_nomix_s0010_r0050_seed42,0.0247887501714,0.0247270076218,0.180369327406,8.38879880129e-06,0.00123582739188,0.00507345374116,0.00638800599845
e4_joint_l005_lr3e4_nomix_s0010_r0050,"Joint (l=0.05, lr=3e-4, s=0.001, r=0.005)",joint,7,e4_joint_l005_lr3e4_nomix_s0010_r0050_seed7,0.0237660532984,0.0235287136055,0.180085729951,8.90941932645e-06,0.00144104589091,0.00487611796383,0.0065457932651
